symbol,urlsymbol
TRC,http://s.cafef.vn/hose/TRC-cong-ty-co-phan-cao-su-tay-ninh.chn
PTC,http://s.cafef.vn/hose/PTC-cong-ty-co-phan-dau-tu-icapital.chn
SKH,http://s.cafef.vn/upcom/SKH-ctcp-nuoc-giai-khat-sanest-khanh-hoa.chn
DCT,http://s.cafef.vn/upcom/DCT-cong-ty-co-phan-tam-lop-vat-lieu-xay-dung-dong-nai.chn
DOC,http://s.cafef.vn/upcom/DOC-cong-ty-co-phan-vat-tu-nong-nghiep-dong-nai.chn
PLP,http://s.cafef.vn/hose/PLP-cong-ty-co-phan-san-xuat-va-cong-nghe-nhua-pha-le.chn
THI,http://s.cafef.vn/hose/THI-cong-ty-co-phan-thiet-bi-dien.chn
VNG,http://s.cafef.vn/hose/VNG-cong-ty-co-phan-du-lich-thanh-thanh-cong.chn
MWG,http://s.cafef.vn/hose/MWG-cong-ty-co-phan-dau-tu-the-gioi-di-dong.chn
SSB,http://s.cafef.vn/hose/SSB-ngan-hang-thuong-mai-co-phan-dong-nam-a.chn
TVT,http://s.cafef.vn/hose/TVT-tong-cong-ty-viet-thang-ctcp.chn
MIE,http://s.cafef.vn/upcom/MIE-tong-cong-ty-may-va-thiet-bi-cong-nghiep-ctcp.chn
DTT,http://s.cafef.vn/hose/DTT-cong-ty-co-phan-ky-nghe-do-thanh.chn
NTH,http://s.cafef.vn/hastc/NTH-cong-ty-co-phan-thuy-dien-nuoc-trong.chn
TPS,http://s.cafef.vn/upcom/TPS-cong-ty-co-phan-ben-bai-van-tai-sai-gon.chn
GSM,http://s.cafef.vn/upcom/GSM-cong-ty-co-phan-thuy-dien-huong-son.chn
MLC,http://s.cafef.vn/upcom/MLC-cong-ty-co-phan-moi-truong-do-thi-tinh-lao-cai.chn
CLH,http://s.cafef.vn/hastc/CLH-cong-ty-co-phan-xi-mang-la-hien-vvmi.chn
CMN,http://s.cafef.vn/upcom/CMN-cong-ty-co-phan-luong-thuc-thuc-pham-colusamiliket.chn
JOS,http://s.cafef.vn/upcom/JOS-cong-ty-co-phan-che-bien-thuy-san-xuat-khau-minh-hai.chn
VNY,http://s.cafef.vn/upcom/VNY-cong-ty-co-phan-thuoc-thu-y-trung-uong-i.chn
TTH,http://s.cafef.vn/hastc/TTH-cong-ty-co-phan-thuong-mai-va-dich-vu-tien-thanh.chn
VJC,http://s.cafef.vn/hose/VJC-cong-ty-co-phan-hang-khong-vietjet.chn
HAN,http://s.cafef.vn/upcom/HAN-tong-cong-ty-xay-dung-ha-noi-ctcp.chn
SPA,http://s.cafef.vn/upcom/SPA-cong-ty-co-phan-bao-bi-sai-gon.chn
DC1,http://s.cafef.vn/upcom/DC1-cong-ty-co-phan-dau-tu-phat-trien-xay-dung-so-1.chn
PEQ,http://s.cafef.vn/upcom/PEQ-cong-ty-co-phan-thiet-bi-xang-dau-petrolimex.chn
SFI,http://s.cafef.vn/hose/SFI-cong-ty-co-phan-dai-ly-van-tai-safi.chn
BMV,http://s.cafef.vn/upcom/BMV-cong-ty-co-phan-bot-my-vinafood-1.chn
NAC,http://s.cafef.vn/upcom/NAC-cong-ty-co-phan-tu-van-xay-dung-tong-hop.chn
PVD,http://s.cafef.vn/hose/PVD-tong-cong-ty-co-phan-khoan-va-dich-vu-khoan-dau-khi.chn
PVT,http://s.cafef.vn/hose/PVT-tong-cong-ty-co-phan-van-tai-dau-khi.chn
PAS,http://s.cafef.vn/upcom/PAS-cong-ty-co-phan-quoc-te-phuong-anh.chn
CGV,http://s.cafef.vn/upcom/CGV-cong-ty-co-phan-sanh-su-thuy-tinh-viet-nam.chn
SJS,http://s.cafef.vn/hose/SJS-cong-ty-co-phan-dau-tu-phat-trien-do-thi-va-khu-cong-nghiep-song-da.chn
NSG,http://s.cafef.vn/upcom/NSG-ctcp-nhua-sai-gon.chn
IPA,http://s.cafef.vn/hastc/IPA-cong-ty-co-phan-tap-doan-dau-tu-ipa.chn
ANV,http://s.cafef.vn/hose/ANV-cong-ty-co-phan-nam-viet.chn
CYC,http://s.cafef.vn/upcom/CYC-cong-ty-co-phan-gach-men-chang-yih.chn
HC1,http://s.cafef.vn/upcom/HC1-ctcp-xay-dung-so-1-ha-noi.chn
LGL,http://s.cafef.vn/hose/LGL-cong-ty-co-phan-dau-tu-va-phat-trien-do-thi-long-giang.chn
HD6,http://s.cafef.vn/upcom/HD6-ctcp-dau-tu-va-phat-trien-nha-so-6-ha-noi.chn
RGC,http://s.cafef.vn/upcom/RGC-cong-ty-co-phan-dau-tu-pv-inconess.chn
QBS,http://s.cafef.vn/hose/QBS-cong-ty-co-phan-xuat-nhap-khau-quang-binh.chn
DPM,http://s.cafef.vn/hose/DPM-tong-cong-ty-phan-bon-va-hoa-chat-dau-khictcp.chn
HEP,http://s.cafef.vn/upcom/HEP-cong-ty-co-phan-moi-truong-va-cong-trinh-do-thi-hue.chn
NAS,http://s.cafef.vn/upcom/NAS-cong-ty-co-phan-dich-vu-hang-khong-san-bay-noi-bai.chn
PMJ,http://s.cafef.vn/upcom/PMJ-cong-ty-co-phan-vat-tu-buu-dien.chn
HTN,http://s.cafef.vn/hose/HTN-cong-ty-co-phan-hung-thinh-incons.chn
AGR,http://s.cafef.vn/hose/AGR-cong-ty-co-phan-chung-khoan-agribank.chn
POV,http://s.cafef.vn/upcom/POV-cong-ty-co-phan-xang-dau-dau-khi-vung-ang.chn
HMS,http://s.cafef.vn/upcom/HMS-cong-ty-co-phan-xay-dung-bao-tang-ho-chi-minh.chn
IDV,http://s.cafef.vn/hastc/IDV-cong-ty-co-phan-phat-trien-ha-tang-vinh-phuc.chn
FOC,http://s.cafef.vn/upcom/FOC-cong-ty-co-phan-dich-vu-truc-tuyen-fpt.chn
C22,http://s.cafef.vn/upcom/C22-cong-ty-co-phan-22.chn
E29,http://s.cafef.vn/upcom/E29-ctcp-dau-tu-xay-dung-va-ky-thuat-29.chn
SDK,http://s.cafef.vn/upcom/SDK-cong-ty-co-phan-co-khi-luyen-kim.chn
PXS,http://s.cafef.vn/hose/PXS-cong-ty-co-phan-ket-cau-kim-loai-va-lap-may-dau-khi.chn
SDK,http://s.cafef.vn/upcom/SDK-cong-ty-co-phan-co-khi-luyen-kim.chn
TNT,http://s.cafef.vn/hose/TNT-cong-ty-co-phan-tap-doan-tnt.chn
VVN,http://s.cafef.vn/upcom/VVN-tong-cong-ty-co-phan-xay-dung-cong-nghiep-viet-nam.chn
PTD,http://s.cafef.vn/hastc/PTD-ctcp-thiet-ke-xay-dung-thuong-mai-phuc-thinh.chn
NCT,http://s.cafef.vn/hose/NCT-cong-ty-co-phan-dich-vu-hang-hoa-noi-bai.chn
CKG,http://s.cafef.vn/hose/CKG-ctcp-tap-doan-tu-van-dau-tu--xay-dung-kien-giang.chn
CVP,http://s.cafef.vn/upcom/CVP-cong-ty-co-phan-cang-cua-viet.chn
NAU,http://s.cafef.vn/upcom/NAU-cong-ty-co-phan-moi-truong-va-cong-trinh-do-thi-nghe-an.chn
HGM,http://s.cafef.vn/hastc/HGM-cong-ty-co-phan-co-khi-va-khoang-san-ha-giang.chn
UEM,http://s.cafef.vn/upcom/UEM-ctcp-co-dien-uong-bivinacomin.chn
VLC,http://s.cafef.vn/upcom/VLC-tong-cong-ty-chan-nuoi-viet-nam-ctcp.chn
TLD,http://s.cafef.vn/hose/TLD-cong-ty-co-phan-dau-tu-xay-dung-va-phat-trien-do-thi-thang-long.chn
CMI,http://s.cafef.vn/upcom/CMI-cong-ty-co-phan-cmistone-viet-nam.chn
TMC,http://s.cafef.vn/hastc/TMC-cong-ty-co-phan-thuong-mai-xuat-nhap-khau-thu-duc.chn
PSC,http://s.cafef.vn/hastc/PSC-cong-ty-co-phan-van-tai-va-dich-vu-petrolimex-sai-gon.chn
HKB,http://s.cafef.vn/upcom/HKB-cong-ty-co-phan-nong-nghiep-va-thuc-pham-ha-noi-kinh-bac.chn
PSE,http://s.cafef.vn/hastc/PSE-cong-ty-co-phan-phan-bon-va-hoa-chat-dau-khi-dong-nam-bo.chn
PHS,http://s.cafef.vn/upcom/PHS-cong-ty-co-phan-chung-khoan-phu-hung.chn
DRL,http://s.cafef.vn/hose/DRL-cong-ty-co-phan-thuy-dien-dien-luc-3.chn
CJC,http://s.cafef.vn/hastc/CJC-cong-ty-co-phan-co-dien-mien-trung.chn
VGL,http://s.cafef.vn/upcom/VGL-ctcp-ma-kem-cong-nghiep-vingal-vnsteel.chn
ICC,http://s.cafef.vn/upcom/ICC-ctcp-xay-dung-cong-nghiep.chn
SRB,http://s.cafef.vn/upcom/SRB-cong-ty-co-phan-tap-doan-sara.chn
FMC,http://s.cafef.vn/hose/FMC-cong-ty-co-phan-thuc-pham-sao-ta.chn
HFX,http://s.cafef.vn/upcom/HFX-cong-ty-co-phan-san-xuat-xuat-nhap-khau-thanh-ha.chn
ABI,http://s.cafef.vn/upcom/ABI-cong-ty-co-phan-bao-hiem-ngan-hang-nong-nghiep.chn
VDT,http://s.cafef.vn/upcom/VDT-cong-ty-co-phan-luoi-thep-binh-tay.chn
INN,http://s.cafef.vn/hastc/INN-cong-ty-co-phan-bao-bi-va-in-nong-nghiep.chn
VCI,http://s.cafef.vn/hose/VCI-cong-ty-co-phan-chung-khoan-ban-viet.chn
PMG,http://s.cafef.vn/hose/PMG-cong-ty-co-phan-dau-tu-va-san-xuat-petro-mien-trung.chn
SED,http://s.cafef.vn/hastc/SED-cong-ty-co-phan-dau-tu-va-phat-trien-giao-duc-phuong-nam.chn
VNY,http://s.cafef.vn/upcom/VNY-cong-ty-co-phan-thuoc-thu-y-trung-uong-i.chn
L10,http://s.cafef.vn/hose/L10-cong-ty-co-phan-lilama-10.chn
DVP,http://s.cafef.vn/hose/DVP-cong-ty-co-phan-dau-tu-va-phat-trien-cang-dinh-vu.chn
DGW,http://s.cafef.vn/hose/DGW-cong-ty-co-phan-the-gioi-so.chn
KSB,http://s.cafef.vn/hose/KSB-cong-ty-co-phan-khoang-san-va-xay-dung-binh-duong.chn
MSN,http://s.cafef.vn/hose/MSN-cong-ty-co-phan-tap-doan-masan.chn
VIM,http://s.cafef.vn/upcom/VIM-cong-ty-co-phan-khoang-san-viglacera.chn
FTS,http://s.cafef.vn/hose/FTS-cong-ty-co-phan-chung-khoan-fpt.chn
AAS,http://s.cafef.vn/upcom/AAS-cong-ty-co-phan-chung-khoan-smart-invest.chn
DTD,http://s.cafef.vn/hastc/DTD-cong-ty-co-phan-dau-tu-phat-trien-thanh-dat.chn
HLT,http://s.cafef.vn/upcom/HLT-ctcp-det-may-hoang-thi-loan.chn
EVS,http://s.cafef.vn/hastc/EVS-cong-ty-co-phan-chung-khoan-everest.chn
DSC,http://s.cafef.vn/upcom/DSC-cong-ty-co-phan-chung-khoan-da-nang.chn
PGI,http://s.cafef.vn/hose/PGI-tong-cong-ty-co-phan-bao-hiem-petrolimex.chn
GMD,http://s.cafef.vn/hose/GMD-cong-ty-co-phan-gemadept.chn
HDC,http://s.cafef.vn/hose/HDC-cong-ty-co-phan-phat-trien-nha-ba-riavung-tau.chn
VKD,http://s.cafef.vn/upcom/VKD-cong-ty-co-phan-nuoc-khoang-khanh-hoa.chn
TIG,http://s.cafef.vn/hastc/TIG-cong-ty-co-phan-tap-doan-dau-tu-thang-long.chn
DCL,http://s.cafef.vn/hose/DCL-cong-ty-co-phan-duoc-pham-cuu-long.chn
C69,http://s.cafef.vn/hastc/C69-cong-ty-co-phan-xay-dung-1369.chn
TPB,http://s.cafef.vn/hose/TPB-ngan-hang-thuong-mai-co-phan-tien-phong.chn
HSG,http://s.cafef.vn/hose/HSG-cong-ty-co-phan-tap-doan-hoa-sen.chn
TCB,http://s.cafef.vn/hose/TCB-ngan-hang-tmcp-ky-thuong-viet-nam-techcombank.chn
MML,http://s.cafef.vn/upcom/MML-cong-ty-co-phan-masan-meatlife.chn
KBC,http://s.cafef.vn/hose/KBC-tong-cong-ty-phat-trien-do-thi-kinh-bacctcp.chn
HDP,http://s.cafef.vn/upcom/HDP-cong-ty-co-phan-duoc-ha-tinh.chn
DAH,http://s.cafef.vn/hose/DAH-cong-ty-co-phan-tap-doan-khach-san-dong-a.chn
EVS,http://s.cafef.vn/hastc/EVS-cong-ty-co-phan-chung-khoan-everest.chn
DIG,http://s.cafef.vn/hose/DIG-tong-cong-ty-co-phan-dau-tu-phat-trien-xay-dung.chn
NAF,http://s.cafef.vn/hose/NAF-cong-ty-co-phan-nafoods-group.chn
ANT,http://s.cafef.vn/upcom/ANT-ctcp-rau-qua-thuc-pham-an-giang.chn
HAX,http://s.cafef.vn/hose/HAX-cong-ty-co-phan-dich-vu-o-to-hang-xanh.chn
VC2,http://s.cafef.vn/hastc/VC2-cong-ty-co-phan-dau-tu-va-xay-dung-vina2.chn
DC2,http://s.cafef.vn/hastc/DC2-cong-ty-co-phan-dau-tu-phat-trien-xay-dung-so-2.chn
HHP,http://s.cafef.vn/hose/HHP-cong-ty-co-phan-giay-hoang-ha-hai-phong.chn
DC4,http://s.cafef.vn/hose/DC4-cong-ty-co-phan-xay-dung-dic-holdings.chn
CMX,http://s.cafef.vn/hose/CMX-cong-ty-co-phan-camimex-group.chn
KHG,http://s.cafef.vn/hose/KHG-cong-ty-co-phan-tap-doan-khai-hoan-land.chn
KOS,http://s.cafef.vn/hose/KOS-cong-ty-co-phan-kosy.chn
FID,http://s.cafef.vn/hastc/FID-cong-ty-co-phan-dau-tu-va-phat-trien-doanh-nghiep-viet-nam.chn
TVB,http://s.cafef.vn/hose/TVB-cong-ty-co-phan-chung-khoan-tri-viet.chn
VHE,http://s.cafef.vn/hastc/VHE-cong-ty-co-phan-duoc-lieu-va-thuc-pham-viet-nam.chn
HVA,http://s.cafef.vn/upcom/HVA-cong-ty-co-phan-dau-tu-hva.chn
VHD,http://s.cafef.vn/upcom/VHD-cong-ty-co-phan-dau-tu-phat-trien-nha-va-do-thi-vinaconex.chn
TNT,http://s.cafef.vn/hose/TNT-cong-ty-co-phan-tap-doan-tnt.chn
AAV,http://s.cafef.vn/hastc/AAV-cong-ty-co-phan-viet-tien-son-dia-oc.chn
TN1,http://s.cafef.vn/hose/TN1-cong-ty-co-phan-thuong-mai-dich-vu-tns-holdings.chn
HUT,http://s.cafef.vn/hastc/HUT-cong-ty-co-phan-tasco.chn
BVL,http://s.cafef.vn/upcom/BVL-cong-ty-co-phan-bv-land.chn
TVC,http://s.cafef.vn/hastc/TVC-cong-ty-co-phan-tap-doan-quan-ly-tai-san-tri-viet.chn
HSV,http://s.cafef.vn/upcom/HSV-cong-ty-co-phan-gang-thep-ha-noi.chn
DTI,http://s.cafef.vn/upcom/DTI-cong-ty-co-phan-dau-tu-duc-trung.chn
NKG,http://s.cafef.vn/hose/NKG-cong-ty-co-phan-thep-nam-kim.chn
GMD,http://s.cafef.vn/hose/GMD-cong-ty-co-phan-gemadept.chn
TMS,http://s.cafef.vn/hose/TMS-cong-ty-co-phan-transimex.chn
API,http://s.cafef.vn/hastc/API-cong-ty-co-phan-dau-tu-chau-a-thai-binh-duong.chn
BBC,http://s.cafef.vn/hose/BBC-cong-ty-co-phan-bibica.chn
BVL,http://s.cafef.vn/upcom/BVL-cong-ty-co-phan-bv-land.chn
TAR,http://s.cafef.vn/hastc/TAR-cong-ty-co-phan-nong-nghiep-cong-nghe-cao-trung-an.chn
APS,http://s.cafef.vn/hastc/APS-cong-ty-co-phan-chung-khoan-chau-a-thai-binh-duong.chn
VDP,http://s.cafef.vn/hose/VDP-cong-ty-co-phan-duoc-pham-trung-uong-vidipha.chn
HBC,http://s.cafef.vn/hose/HBC-cong-ty-co-phan-tap-doan-xay-dung-hoa-binh.chn
HBC,http://s.cafef.vn/hose/HBC-cong-ty-co-phan-tap-doan-xay-dung-hoa-binh.chn
DXP,http://s.cafef.vn/hastc/DXP-cong-ty-co-phan-cang-doan-xa.chn
ITQ,http://s.cafef.vn/hastc/ITQ-cong-ty-co-phan-tap-doan-thien-quang.chn
LIG,http://s.cafef.vn/hastc/LIG-cong-ty-co-phan-licogi-13.chn
RDP,http://s.cafef.vn/hose/RDP-cong-ty-co-phan-rang-dong-holding.chn
NRC,http://s.cafef.vn/hastc/NRC-cong-ty-co-phan-tap-doan-danh-khoi.chn
DCL,http://s.cafef.vn/hose/DCL-cong-ty-co-phan-duoc-pham-cuu-long.chn
CKG,http://s.cafef.vn/hose/CKG-ctcp-tap-doan-tu-van-dau-tu--xay-dung-kien-giang.chn
FPT,http://s.cafef.vn/hose/FPT-cong-ty-co-phan-fpt.chn
SFI,http://s.cafef.vn/hose/SFI-cong-ty-co-phan-dai-ly-van-tai-safi.chn
SSI,http://s.cafef.vn/hose/SSI-cong-ty-co-phan-chung-khoan-ssi.chn
BCG,http://s.cafef.vn/hose/BCG-cong-ty-co-phan-bamboo-capital.chn
GDT,http://s.cafef.vn/hose/GDT-cong-ty-co-phan-che-bien-go-duc-thanh.chn
PET,http://s.cafef.vn/hose/PET-tong-cong-ty-co-phan-dich-vu-tong-hop-dau-khi.chn
PET,http://s.cafef.vn/hose/PET-tong-cong-ty-co-phan-dich-vu-tong-hop-dau-khi.chn
PDR,http://s.cafef.vn/hose/PDR-cong-ty-co-phan-phat-trien-bat-dong-san-phat-dat.chn
FCN,http://s.cafef.vn/hose/FCN-cong-ty-co-phan-fecon.chn
PTG,http://s.cafef.vn/upcom/PTG-cong-ty-co-phan-may-xuat-khau-phan-thiet.chn
KSB,http://s.cafef.vn/hose/KSB-cong-ty-co-phan-khoang-san-va-xay-dung-binh-duong.chn
SSI,http://s.cafef.vn/hose/SSI-cong-ty-co-phan-chung-khoan-ssi.chn
MQN,http://s.cafef.vn/upcom/MQN-cong-ty-co-phan-moi-truong-do-thi-quang-ngai.chn
RAL,http://s.cafef.vn/hose/RAL-cong-ty-co-phan-bong-den-phich-nuoc-rang-dong.chn
FPT,http://s.cafef.vn/hose/FPT-cong-ty-co-phan-fpt.chn
MHP,http://s.cafef.vn/upcom/MHP-ctcp-moi-truong-va-dich-vu-do-thi-viet-tri.chn
NNB,http://s.cafef.vn/upcom/NNB-ctcp-cap-thoat-nuoc-ninh-binh.chn
C71,http://s.cafef.vn/upcom/C71-cong-ty-co-phan-471.chn
CMG,http://s.cafef.vn/hose/CMG-cong-ty-co-phan-tap-doan-cong-nghe-cmc.chn
DIG,http://s.cafef.vn/hose/DIG-tong-cong-ty-co-phan-dau-tu-phat-trien-xay-dung.chn
HTG,http://s.cafef.vn/upcom/HTG-tong-cong-ty-co-phan-det-may-hoa-tho.chn
SIP,http://s.cafef.vn/upcom/SIP-cong-ty-co-phan-dau-tu-sai-gon-vrg.chn
BID,http://s.cafef.vn/hose/BID-ngan-hang-thuong-mai-co-phan-dau-tu-va-phat-trien-viet-nam.chn
PBC,http://s.cafef.vn/upcom/PBC-ctcp-duoc-pham-trung-uong-i-pharbaco.chn
HDM,http://s.cafef.vn/upcom/HDM-cong-ty-co-phan-det-may-hue.chn
FMC,http://s.cafef.vn/hose/FMC-cong-ty-co-phan-thuc-pham-sao-ta.chn
DC4,http://s.cafef.vn/hose/DC4-cong-ty-co-phan-xay-dung-dic-holdings.chn
